{"name":"build-javascript","namedChunkGroups":{"app":{"name":"app","assets":[{"name":"webpack-runtime-5ac71a722ca4bb3278cb.js","size":4723},{"name":"framework-3618514ac84f36ab062f.js","size":140771},{"name":"app-23ba9c1e59058093229f.js","size":61068}],"filteredAssets":0,"assetsSize":206562,"filteredAuxiliaryAssets":3,"auxiliaryAssetsSize":592537},"component---src-pages-404-tsx":{"name":"component---src-pages-404-tsx","assets":[{"name":"component---src-pages-404-tsx-b89c05410cda4cf8abda.js","size":774}],"filteredAssets":0,"assetsSize":774,"filteredAuxiliaryAssets":1,"auxiliaryAssetsSize":2009},"component---src-pages-index-tsx":{"name":"component---src-pages-index-tsx","assets":[{"name":"styles.4e1194cb29654cb3b791.css","size":2087},{"name":"cb355538-278ae79a08fc520c00d9.js","size":3351},{"name":"component---src-pages-index-tsx-f87104a0f7d6e8dc27cf.js","size":49009}],"filteredAssets":0,"assetsSize":54447,"filteredAuxiliaryAssets":2,"auxiliaryAssetsSize":1474703}},"assetsByChunkName":{"app":["webpack-runtime-5ac71a722ca4bb3278cb.js","framework-3618514ac84f36ab062f.js","app-23ba9c1e59058093229f.js"],"component---src-pages-404-tsx":["component---src-pages-404-tsx-b89c05410cda4cf8abda.js"],"component---src-pages-index-tsx":["styles.4e1194cb29654cb3b791.css","cb355538-278ae79a08fc520c00d9.js","component---src-pages-index-tsx-f87104a0f7d6e8dc27cf.js"]},"childAssetsByChunkName":{}}